"x","y","z"
-10,-15.4722891208877,"B"
-9.99,-15.9861368325734,"A"
-9.98,-18.6483282925657,"B"
-9.97,-13.6074029501883,"B"
-9.96,-17.9516561016543,"B"
-9.95,-16.7424252043007,"B"
-9.94,-21.9965198169634,"B"
-9.93,-15.7122702629146,"B"
-9.92,-20.30030745825,"B"
-9.91,-19.0438641702786,"B"
-9.9,-17.2143334346056,"B"
-9.89,-15.0673176450576,"B"
-9.88,-12.7950920677206,"A"
-9.87,-15.4693874930066,"B"
-9.86,-17.4757239099,"A"
-9.85,-15.4972285884477,"B"
-9.84,-14.7351922184442,"A"
-9.83,-14.7819998601725,"B"
-9.82,-12.6890718541693,"B"
-9.81,-15.827854325019,"B"
-9.8,-17.768122072002,"B"
-9.79,-16.4007005102877,"A"
-9.78,-13.6014475307256,"B"
-9.77,-11.5515619643147,"B"
-9.76,-14.669757426958,"A"
-9.75,-16.9346775277241,"B"
-9.74,-15.8266723750881,"A"
-9.73,-18.505455669788,"A"
-9.72,-15.0825068721118,"A"
-9.71,-12.5918417303401,"B"
-9.7,-16.3776897688002,"A"
-9.69,-16.1572518498329,"A"
-9.68,-13.3943164615165,"B"
-9.67,-12.8406253843191,"A"
-9.66,-16.015797739193,"A"
-9.65,-12.6296304841396,"B"
-9.64,-14.5105247518629,"B"
-9.63,-16.4387834838535,"B"
-9.62,-19.232759637537,"B"
-9.61,-13.9544291123131,"B"
-9.6,-14.3332123126181,"B"
-9.59,-15.0035805953133,"A"
-9.58,-14.220085239232,"B"
-9.57,-13.1541743939239,"B"
-9.56,-17.434390223359,"B"
-9.55,-11.8014448165837,"A"
-9.54,-11.6527073824566,"A"
-9.53,-13.921491410675,"B"
-9.52,-17.3288476668302,"B"
-9.51,-13.4889770567397,"B"
-9.5,-17.7709045701952,"B"
-9.49,-12.1286898586668,"B"
-9.48,-15.3758995521816,"A"
-9.47,-15.4890020968584,"B"
-9.46,-13.3839553109434,"B"
-9.45,-14.1493155145991,"B"
-9.44,-17.0959755210529,"A"
-9.43,-13.7624668449578,"B"
-9.42,-15.6471728598704,"B"
-9.41,-12.6894209450834,"B"
-9.4,-13.2097950045602,"A"
-9.39,-14.499060429041,"A"
-9.38,-17.7532109216546,"B"
-9.37,-17.5916712444181,"B"
-9.36,-10.1893221171088,"A"
-9.35,-18.040847218606,"A"
-9.34,-15.1832724374812,"B"
-9.33,-13.0348538577947,"A"
-9.32,-14.7158072472412,"B"
-9.31,-18.6380963550262,"A"
-9.3,-18.4529063591594,"B"
-9.29,-13.2495794348656,"B"
-9.28,-11.8812689683452,"B"
-9.27,-13.1846582965708,"A"
-9.26,-14.5089787849897,"A"
-9.25,-14.3682284110907,"A"
-9.24,-13.3471225866397,"B"
-9.23,-12.9342684958976,"B"
-9.22,-10.9516165176196,"B"
-9.21,-15.5681839738097,"B"
-9.2,-13.7545063155109,"B"
-9.19,-16.3137733470441,"B"
-9.18,-14.5884569420691,"B"
-9.17,-12.9524706886248,"B"
-9.16,-14.3371353707094,"A"
-9.15,-11.8841410290323,"B"
-9.14,-13.2328490878636,"A"
-9.13,-12.2112819231479,"A"
-9.12,-10.9848785570156,"A"
-9.11,-13.3856751763627,"B"
-9.1,-14.7136299993496,"A"
-9.09,-12.7619520421574,"A"
-9.08,-11.8194132625057,"B"
-9.07,-13.277122715019,"A"
-9.06,-13.8086161708642,"B"
-9.05,-12.2952952249238,"B"
-9.04,-13.0005353489759,"B"
-9.03,-9.40851865282915,"A"
-9.02,-12.9903159376028,"A"
-9.01,-12.9993986054099,"A"
-9,-11.81377478776,"B"
-8.99,-20.1663580071522,"B"
-8.98,-13.6326916858649,"B"
-8.97,-12.8807972509449,"A"
-8.96,-14.6102624349533,"B"
-8.95,-15.5175465145853,"B"
-8.94,-11.6857482085034,"A"
-8.93,-13.3456394488683,"B"
-8.92,-14.0970698458794,"A"
-8.91,-14.5907325060941,"A"
-8.9,-15.0445366610429,"A"
-8.89,-12.7281995695879,"B"
-8.88,-14.2851519042723,"B"
-8.87,-13.8200884552299,"B"
-8.86,-13.1707748002309,"A"
-8.85,-11.8503436804568,"B"
-8.84,-10.8342288528822,"B"
-8.83,-14.1302397012114,"B"
-8.82,-13.7212047356191,"A"
-8.81,-12.5323837750629,"B"
-8.8,-12.3297455463147,"B"
-8.79,-12.6989232547072,"A"
-8.78,-16.1371150463857,"B"
-8.77,-10.7028351709099,"B"
-8.76,-13.0982666752725,"A"
-8.75,-15.8838147311555,"A"
-8.74,-13.2544289401877,"A"
-8.73,-13.3160976652263,"A"
-8.72,-14.7501264061972,"B"
-8.71,-10.0345775634556,"B"
-8.7,-13.3797121194536,"B"
-8.69,-15.4097437670909,"A"
-8.68,-10.9845574774073,"B"
-8.67,-15.2598547405081,"B"
-8.66,-12.6713891167201,"B"
-8.65,-9.36588720474345,"A"
-8.64,-11.3833814957687,"A"
-8.63,-10.82593491559,"B"
-8.62,-10.3610954514465,"A"
-8.61,-10.8255284756019,"B"
-8.6,-8.98793210407315,"A"
-8.59,-12.3950091911676,"B"
-8.58,-10.4180643672246,"B"
-8.57,-12.8121450133154,"B"
-8.56,-9.89507817771639,"A"
-8.55,-8.70872828943852,"B"
-8.54,-10.8229850926575,"B"
-8.53,-10.8661605197748,"A"
-8.52,-8.86613923947583,"A"
-8.51,-10.0057367564167,"A"
-8.5,-9.88109077084482,"B"
-8.49,-7.84609284484812,"B"
-8.48,-12.9866120010602,"A"
-8.47,-13.1968773477839,"A"
-8.46,-10.8254546345689,"A"
-8.45,-13.3455094586572,"B"
-8.44,-9.64713721241417,"A"
-8.43,-11.1560319966185,"B"
-8.42,-9.73765583756456,"B"
-8.41,-11.077794855948,"B"
-8.4,-9.59140550260709,"B"
-8.39,-8.9174685302519,"A"
-8.38,-12.114250593228,"B"
-8.37,-13.081264908868,"A"
-8.36,-15.732478489241,"A"
-8.35,-13.7502757954388,"B"
-8.34,-13.0685093256032,"A"
-8.33,-11.8723693363833,"A"
-8.32,-11.9229578352831,"B"
-8.31,-10.6020424575029,"A"
-8.3,-14.4848011580843,"B"
-8.29,-8.27621032297612,"B"
-8.28,-8.50122470557682,"B"
-8.27,-10.541596386692,"B"
-8.26,-10.5705470545239,"B"
-8.25,-10.9885451141898,"B"
-8.24,-10.196220546242,"B"
-8.23,-7.1295259997184,"B"
-8.22,-10.7446646379737,"B"
-8.21,-6.01480348439108,"B"
-8.2,-11.1632288651677,"A"
-8.19,-9.68822894284869,"B"
-8.18,-9.29046473358612,"B"
-8.17,-8.3162336822493,"B"
-8.16,-11.3186994380481,"B"
-8.15,-11.1203535847877,"B"
-8.14,-8.126886876537,"B"
-8.13,-12.1316655205324,"B"
-8.12,-9.36498668127727,"B"
-8.11,-9.22503643136439,"A"
-8.1,-11.7138592653321,"B"
-8.09,-9.91866768996234,"B"
-8.08,-11.1864208976591,"B"
-8.07,-13.1616105246966,"B"
-8.06,-13.5673212632516,"A"
-8.05,-11.2931978713367,"B"
-8.04,-4.43616293705813,"B"
-8.03,-12.2837054919184,"B"
-8.02,-14.6204354284272,"B"
-8.01,-5.38146964229524,"B"
-8,-7.35624325230836,"B"
-7.99,-6.22131542285463,"B"
-7.98,-6.96799149077139,"B"
-7.97,-6.88862996924634,"B"
-7.96,-11.745862443658,"A"
-7.95,-9.47134293374554,"B"
-7.94,-11.6620792309701,"A"
-7.93,-7.46725856372376,"B"
-7.92,-13.1637208672369,"B"
-7.91,-9.40147083975432,"B"
-7.9,-9.343970357133,"A"
-7.89,-9.70932369884014,"B"
-7.88,-8.10720718416304,"B"
-7.87,-12.8720074258632,"B"
-7.86,-12.0473782591426,"B"
-7.85,-8.15904085630986,"B"
-7.84,-11.6127207190021,"A"
-7.83,-12.0965621172897,"B"
-7.82,-7.1416047808551,"B"
-7.81,-8.98341239971056,"A"
-7.8,-9.47666615994801,"A"
-7.79,-7.917161562205,"B"
-7.78,-9.25040417238418,"B"
-7.77,-9.61587542545027,"B"
-7.76,-9.54677044914579,"A"
-7.75,-9.02534116742648,"B"
-7.74,-6.90378327102455,"B"
-7.73,-8.1348944583687,"A"
-7.72,-6.34754995442795,"B"
-7.71,-5.78914446899288,"B"
-7.7,-6.46436641955543,"B"
-7.69,-8.55607488115837,"B"
-7.68,-9.0871034121359,"A"
-7.67,-8.19379782270403,"B"
-7.66,-15.1198356343742,"A"
-7.65,-7.98190138682522,"A"
-7.64,-10.9030454124706,"A"
-7.63,-11.4648443957685,"B"
-7.62,-8.58169991918902,"B"
-7.61,-9.91063612469068,"B"
-7.6,-6.76144903846606,"B"
-7.59,-9.14338790161012,"B"
-7.58,-9.24883399673687,"A"
-7.57,-9.28740744548675,"A"
-7.56,-8.67197812315841,"B"
-7.55,-10.6861011162471,"A"
-7.54,-9.37097559241199,"B"
-7.53,-10.6026378922038,"B"
-7.52,-8.10369330855938,"A"
-7.51,-8.59138402011622,"B"
-7.5,-9.96061566020922,"A"
-7.49,-6.64839999043677,"B"
-7.48,-8.48840349551476,"A"
-7.47,-10.3253536778019,"B"
-7.46,-5.49422594818916,"B"
-7.45,-7.10204558996881,"B"
-7.44,-8.64213543758188,"B"
-7.43,-10.3416330016633,"B"
-7.42,-6.15071421167547,"B"
-7.41,-8.96132867415817,"B"
-7.4,-11.8549658465471,"B"
-7.39,-4.11818872710227,"B"
-7.38,-6.94947783900894,"B"
-7.37,-4.83882256874221,"B"
-7.36,-8.79716799312253,"B"
-7.35,-10.6405709247467,"A"
-7.34,-6.11490522751784,"A"
-7.33,-8.49705856281404,"B"
-7.32,-6.67633745222923,"A"
-7.31,-5.31076574472173,"B"
-7.3,-6.29144251682215,"A"
-7.29,-7.09069852412239,"A"
-7.28,-13.706200330022,"B"
-7.27,-7.15831425095779,"B"
-7.26,-8.96714393957711,"B"
-7.25,-8.08331657476388,"B"
-7.24,-7.71243803450359,"B"
-7.23,-7.09710409469326,"B"
-7.22,-8.74967206830572,"B"
-7.21,-6.28976540255003,"B"
-7.2,-7.65873515684928,"A"
-7.19,-7.52298262704115,"B"
-7.18,-11.7392903699816,"B"
-7.17,-9.0359847018612,"B"
-7.16,-8.00412464339805,"A"
-7.15,-5.35141096659534,"A"
-7.14,-9.17406543815818,"B"
-7.13,-3.98279351141404,"B"
-7.12,-8.40227960106904,"B"
-7.11,-6.78298608915575,"B"
-7.1,-8.66324951481584,"B"
-7.09,-7.55080743759926,"B"
-7.08,-8.55345396684852,"B"
-7.07,-6.66127248560567,"A"
-7.06,-4.06022426593486,"B"
-7.05,-5.41323302680872,"B"
-7.04,-6.07910368967539,"B"
-7.03,-8.60350175978656,"A"
-7.02,-6.3184683997589,"A"
-7.01,-9.51119338241226,"B"
-7,-9.09981359048036,"B"
-6.99,-5.13738494371458,"B"
-6.98,-6.25725052699106,"A"
-6.97,-4.22561882951799,"A"
-6.96,-10.7916943924835,"B"
-6.95,-6.84462770869135,"A"
-6.94,-3.10685225530269,"B"
-6.93,-4.97120330909163,"B"
-6.92,-7.24139575661549,"B"
-6.91,-6.32141290524317,"B"
-6.9,-5.52068797400036,"B"
-6.89,-10.8179997119066,"A"
-6.88,-5.2685694534272,"A"
-6.87,-5.76364738297993,"A"
-6.86,-8.91537807584746,"A"
-6.85,-7.04831769314316,"B"
-6.84,-6.34349517733616,"B"
-6.83,-7.98388228215039,"B"
-6.82,-4.46148310416614,"B"
-6.81,-5.21572496922824,"B"
-6.8,-5.20355995869242,"B"
-6.79,-5.53296129925915,"B"
-6.78,-6.34488537388628,"B"
-6.77,-6.69277468952201,"A"
-6.76,-3.2186431565981,"B"
-6.75,-2.43812773072135,"B"
-6.74,-6.11673955552407,"A"
-6.73,-10.5500688898368,"B"
-6.72,-4.49394386597098,"B"
-6.71,-4.35671292541349,"A"
-6.7,-8.4678242658538,"B"
-6.69,-2.04012581192943,"B"
-6.68,-9.92399845093957,"B"
-6.67,-6.10064426220727,"B"
-6.66,-10.5281859735312,"B"
-6.65,-4.84156484975616,"B"
-6.64,-4.71502880584026,"B"
-6.63,-5.58593985368128,"B"
-6.62,-7.66344713568756,"B"
-6.61,-5.07033513088005,"B"
-6.6,-4.70540925172734,"A"
-6.59,-4.41431659761431,"B"
-6.58,-6.15285186364856,"B"
-6.57,-4.19155875042764,"B"
-6.56,-6.48070465540392,"B"
-6.55,-5.88497557949777,"B"
-6.54,-5.46316853324031,"B"
-6.53,-3.12878173788442,"B"
-6.52,-4.3426269762556,"A"
-6.51,-7.25033778582935,"B"
-6.5,-4.4750931806396,"A"
-6.49,-5.53863617274711,"A"
-6.48,-4.5098641010466,"A"
-6.47,-1.32602494200133,"A"
-6.46,-3.23345076927584,"B"
-6.45,-4.45014091463247,"A"
-6.44,-2.48881413384153,"B"
-6.43,-7.82015731431201,"A"
-6.42,-4.07116525720431,"B"
-6.41,-5.21139840507068,"B"
-6.4,-7.31285832333873,"B"
-6.39,-5.28036172825532,"B"
-6.38,-1.37321421806976,"B"
-6.37,-4.16556118744628,"B"
-6.36,-5.45128826554135,"B"
-6.35,-2.79274102984597,"B"
-6.34,-4.11019097066214,"B"
-6.33,-3.36391530286239,"A"
-6.32,-6.26297641963964,"B"
-6.31,-6.07026706813723,"B"
-6.3,-4.69532441395257,"A"
-6.29,-5.47076425847832,"A"
-6.28,-3.83262654112349,"A"
-6.27,-4.71285918303433,"A"
-6.26,-8.35531015047999,"B"
-6.25,-3.63632630808877,"B"
-6.24,-6.99916450180129,"A"
-6.23,-3.34315884894921,"A"
-6.22,-3.39617588946911,"B"
-6.21,-3.81370365545359,"B"
-6.2,-4.46416510886985,"A"
-6.19,-4.01233288779134,"B"
-6.18,0.115082964345326,"B"
-6.17,-3.11468382209747,"A"
-6.16,-4.45585350436507,"A"
-6.15,-3.8068751369791,"B"
-6.14,-4.77720629764882,"B"
-6.13,-3.12072702228183,"B"
-6.12,-5.11157942396953,"A"
-6.11,-6.56125306110419,"B"
-6.1,-6.76480187880061,"B"
-6.09,-4.78076553127159,"A"
-6.08,-3.9747184929802,"A"
-6.07,-4.32428017261299,"B"
-6.06,-2.04859759940067,"A"
-6.05,-3.08780369705562,"A"
-6.04,-4.35703633447937,"A"
-6.03,-2.16390740604209,"B"
-6.02,-5.31011929344259,"B"
-6.01,-4.63808410336882,"B"
-6,-5.74969251847399,"A"
-5.99,-4.64471769862922,"A"
-5.98,-1.49206471353376,"A"
-5.97,-3.04565865360191,"B"
-5.96,-5.22931268188886,"B"
-5.95,-3.27994658064721,"B"
-5.94,-5.527963969382,"B"
-5.93,-4.59384539893752,"B"
-5.92,-4.40754328347809,"B"
-5.91,-5.45855795225385,"B"
-5.9,-2.38144189746921,"A"
-5.89,-2.69862540476683,"B"
-5.88,-3.53204430110774,"B"
-5.87,-1.02411412504814,"B"
-5.86,-4.39950576721798,"B"
-5.85,-4.66299742888957,"B"
-5.84,-3.25556631565571,"A"
-5.83,-1.47447095936049,"A"
-5.82,-2.79214547721438,"B"
-5.81,-1.88989802749527,"A"
-5.8,-2.79812879611435,"B"
-5.79,-3.34300353328527,"A"
-5.78,-4.47854718410793,"B"
-5.77,-2.37335373235797,"A"
-5.76,-3.58523909381844,"B"
-5.75,-3.56457918284611,"B"
-5.74,-4.61806653873562,"B"
-5.73,-0.703470829119555,"B"
-5.72,-3.13503759745359,"A"
-5.71,-3.72830835410969,"B"
-5.7,-4.99246397642756,"B"
-5.69,-4.02814087788723,"B"
-5.68,-5.96647820785124,"A"
-5.67,-4.84276023896379,"B"
-5.66,-7.55496472632911,"B"
-5.65,-1.93066552711578,"A"
-5.64,-7.08287348456368,"B"
-5.63,-4.07279850315044,"B"
-5.62,-0.741171424804948,"B"
-5.61,-5.56003348422807,"A"
-5.6,-8.31812364505764,"B"
-5.59,-3.08905411630499,"A"
-5.58,-2.49694150470958,"B"
-5.57,-5.8121621337395,"B"
-5.56,-3.05304786663159,"B"
-5.55,2.99161904983699,"A"
-5.54,-5.50356370099826,"B"
-5.53,-4.81262895436457,"B"
-5.52,-6.08298986218921,"A"
-5.51,-5.5245579129035,"B"
-5.5,-2.95856923726162,"A"
-5.49,-2.66151213520954,"B"
-5.48,-1.42411886384527,"B"
-5.47,-2.45228510855818,"A"
-5.46,-0.0680206008333992,"B"
-5.45,-2.04071963560906,"B"
-5.44,-3.2154028700319,"A"
-5.43,-4.59879978825822,"A"
-5.42,-3.09705471075361,"B"
-5.41,-2.80575763126724,"A"
-5.4,-0.740275864773237,"B"
-5.39,-3.21899225114002,"B"
-5.38,-1.0983377848807,"B"
-5.37,-6.31505572782803,"B"
-5.36,-0.953460819790862,"B"
-5.35,-3.86441987160545,"B"
-5.34,-1.91337685228345,"B"
-5.33,-5.69684188470487,"B"
-5.32,-0.0760015361601245,"A"
-5.31,-2.42726703188205,"B"
-5.3,-4.8427159446975,"A"
-5.29,-5.14748279429092,"A"
-5.28,-4.98815723059184,"A"
-5.27,-3.02952969905037,"B"
-5.26,-5.41858782902056,"B"
-5.25,-3.7812556172006,"B"
-5.24,0.421246517177706,"B"
-5.23,-2.39534684113444,"B"
-5.22,-3.67004584783644,"A"
-5.21,-0.712197067291775,"B"
-5.2,-0.291067219547897,"A"
-5.19,-1.31499013656294,"B"
-5.18,-3.0672766590185,"A"
-5.17,2.46898339415835,"B"
-5.16,-1.04445283104139,"B"
-5.15,-3.70177391391081,"B"
-5.14,-1.73693052297057,"A"
-5.13,0.43711993137702,"A"
-5.12,-2.62288874117013,"B"
-5.11,-3.40107772181603,"B"
-5.1,-2.68990965864372,"B"
-5.09,2.18515218208803,"B"
-5.08,-2.36235570098787,"B"
-5.07,-4.55904971637649,"A"
-5.06,-4.11871219144391,"B"
-5.05,-2.05994771965889,"B"
-5.04,-0.446115749317963,"B"
-5.03,-1.82637257670048,"B"
-5.02,-1.97413082795182,"B"
-5.01,-2.09027361000607,"A"
-5,-1.76069042783762,"A"
-4.99,-0.54392617572475,"A"
-4.98,-1.91529534466906,"A"
-4.97,-1.21348244690691,"B"
-4.96,-1.46135163997226,"A"
-4.95,-1.58107385660587,"B"
-4.94,-5.32326907358324,"B"
-4.93,-1.89914937788631,"B"
-4.92,-0.143759314195025,"B"
-4.91,-5.41736007995264,"B"
-4.9,-0.155087171927839,"B"
-4.89,1.66188788299991,"B"
-4.88,-1.66043397953016,"B"
-4.87,-4.29346500444605,"B"
-4.86,-5.13991559903968,"B"
-4.85,-2.99221536383863,"A"
-4.84,-2.64236594407105,"B"
-4.83,-4.01381010411006,"B"
-4.82,-3.68310952119586,"A"
-4.81,-4.7028603115315,"B"
-4.8,-0.330255622860814,"B"
-4.79,-1.77051975447703,"A"
-4.78,-1.47793885343346,"B"
-4.77,-1.12228402945214,"B"
-4.76,-3.94459300985226,"A"
-4.75,-2.8096109490796,"A"
-4.74,-4.6955123156403,"B"
-4.73,-3.09099359216281,"A"
-4.72,-4.39392843609285,"B"
-4.71,-1.94367184113319,"B"
-4.7,-2.77534481233279,"B"
-4.69,-1.97457109987351,"B"
-4.68,-0.905669739217819,"B"
-4.67,2.73477407121538,"B"
-4.66,-3.81841701386895,"B"
-4.65,0.629004021143672,"A"
-4.64,-3.78006530970091,"B"
-4.63,-0.284735755253687,"B"
-4.62,-2.48582881026916,"B"
-4.61,-1.04814206407906,"B"
-4.6,-3.9435505687324,"B"
-4.59,-3.06869592067968,"A"
-4.58,0.448158946557961,"B"
-4.57,-3.10750094031905,"B"
-4.56,0.644648731655213,"B"
-4.55,-1.90087543031825,"B"
-4.54,0.0497244974604305,"A"
-4.53,-2.59355193932777,"B"
-4.52,0.397422352928376,"B"
-4.51,-3.65844069884974,"B"
-4.5,-1.86398141609733,"B"
-4.49,-3.27897110583158,"B"
-4.48,-0.58357044086476,"B"
-4.47,-3.27974520472157,"A"
-4.46,-2.35253067874018,"B"
-4.45,1.21604105365074,"A"
-4.44,-1.72661308034998,"B"
-4.43,2.46310156606258,"B"
-4.42,-0.446198221090204,"B"
-4.41,-0.889169661053089,"A"
-4.4,1.3648521919611,"A"
-4.39,-4.09008645448019,"A"
-4.38,0.15443386486676,"B"
-4.37,0.742776302210694,"B"
-4.36,-1.01404377741553,"A"
-4.35,-2.97722870987875,"B"
-4.34,0.853066804736879,"B"
-4.33,1.86995037022672,"B"
-4.32,-1.24339111289157,"B"
-4.31,1.74029646294867,"B"
-4.3,-4.74806767834874,"A"
-4.29,2.30909803901412,"A"
-4.28,-2.97361770023698,"A"
-4.27,-3.58878226658308,"A"
-4.26,3.53400930414157,"A"
-4.25,-3.03537946316879,"B"
-4.24,-1.55233039244027,"B"
-4.23,0.463780883570499,"B"
-4.22,-0.160510257010187,"A"
-4.21,-1.44703571617595,"B"
-4.2,0.691269421167424,"A"
-4.19,2.47580009480207,"A"
-4.18,1.10268546985035,"A"
-4.17,-2.77836638823258,"B"
-4.16,1.86704687010995,"B"
-4.15,-2.7459848870826,"B"
-4.14,-0.0817029578640628,"B"
-4.13,-2.24340993553304,"B"
-4.12,-2.01846522063229,"B"
-4.11,-3.15728523493172,"B"
-4.1,-3.85018555490414,"B"
-4.09,-3.21445591839499,"A"
-4.08,-3.12524214415317,"B"
-4.07,1.27564146682316,"B"
-4.06,-1.47967900881623,"B"
-4.05,1.79675861076013,"A"
-4.04,-0.298484964907981,"A"
-4.03,1.23646800471228,"A"
-4.02,-0.0620160606794222,"B"
-4.01,0.868260010186196,"B"
-4,-0.541836314536042,"B"
-3.99,0.920487503796758,"B"
-3.98,0.660490092292965,"A"
-3.97,-0.364217333425732,"B"
-3.96,-1.29140928830142,"B"
-3.95,-1.98273670798362,"B"
-3.94,3.12889463526373,"B"
-3.93,-0.166930050677122,"B"
-3.92,2.52530010269723,"A"
-3.91,-0.683320329434984,"B"
-3.9,-0.575640886655865,"B"
-3.89,3.98855918058227,"A"
-3.88,1.69340469399449,"B"
-3.87,1.06810640197679,"B"
-3.86,-1.90440869057199,"B"
-3.85,-0.0254555486389988,"B"
-3.84,1.74063205940977,"A"
-3.83,2.14572702109602,"B"
-3.82,1.11046820895953,"B"
-3.81,0.96507095222718,"A"
-3.8,1.17551407804849,"B"
-3.79,1.34012640817466,"A"
-3.78,-0.269337686243682,"B"
-3.77,-0.579963674860456,"B"
-3.76,4.63190420808604,"A"
-3.75,-1.04135567676402,"A"
-3.74,-1.66976040367302,"B"
-3.73,-0.511542473461849,"A"
-3.72,5.4869339377952,"A"
-3.71,-4.16762961091148,"B"
-3.7,-0.629959966125984,"B"
-3.69,1.10392156411063,"B"
-3.68,-1.36634727853756,"B"
-3.67,4.92844548494213,"A"
-3.66,-0.135638118516619,"B"
-3.65,1.86646396481087,"A"
-3.64,-2.2286772661487,"B"
-3.63,1.40793869344025,"B"
-3.62,-0.90046480661574,"A"
-3.61,0.065715459404093,"B"
-3.6,-0.687592888078491,"A"
-3.59,1.0571483494454,"B"
-3.58,-0.573506796027143,"B"
-3.57,0.6850529411817,"B"
-3.56,1.47917222455227,"B"
-3.55,0.264699168713176,"A"
-3.54,-0.263559220989501,"A"
-3.53,0.609096662065835,"B"
-3.52,0.662779394375596,"B"
-3.51,0.347884736070852,"B"
-3.5,-0.629660383334772,"B"
-3.49,2.95795508718585,"B"
-3.48,-0.839866390724387,"B"
-3.47,-1.27112571951175,"B"
-3.46,-1.10411945230591,"B"
-3.45,-2.62253618978997,"B"
-3.44,1.48879310574799,"B"
-3.43,2.40449114856014,"B"
-3.42,-1.15819520946978,"B"
-3.41,1.34936140455558,"A"
-3.4,-1.20048535644397,"A"
-3.39,2.52150007611641,"A"
-3.38,-0.720737949571006,"B"
-3.37,-4.56940414207513,"B"
-3.36,1.06029538045507,"B"
-3.35,0.716732758999632,"B"
-3.34,0.786424750940867,"B"
-3.33,1.64146102180448,"B"
-3.32,1.20603210759896,"B"
-3.31,2.2363256240385,"B"
-3.3,0.383304009238332,"A"
-3.29,1.49858722447894,"B"
-3.28,1.15025732963208,"A"
-3.27,-0.820194233170265,"B"
-3.26,-0.125806899625819,"B"
-3.25,3.06062080384412,"B"
-3.24,0.103107161248674,"A"
-3.23,0.643636749624292,"A"
-3.22,1.64194177890344,"A"
-3.21,1.05834157456468,"A"
-3.2,2.52925874994054,"B"
-3.19,-0.262512749016056,"B"
-3.18,1.01290314774356,"B"
-3.17,3.94230486415221,"A"
-3.16,-6.13851165914691,"B"
-3.15,0.348369852802631,"B"
-3.14,-3.86822294942337,"A"
-3.13,1.93039409234424,"B"
-3.12,-2.16345941521048,"B"
-3.11,4.22200764445345,"A"
-3.1,1.25409239542898,"A"
-3.09,-0.169284727007655,"B"
-3.08,2.57970141725716,"B"
-3.07,2.84805655469424,"B"
-3.06,3.52767062065393,"A"
-3.05,-0.412294583804876,"B"
-3.04,-4.5639034311193,"B"
-3.03,-0.617193726544427,"B"
-3.02,2.45996839980914,"B"
-3.01,-1.43323064883532,"B"
-3,1.42259311891851,"B"
-2.99,-0.16916496555864,"A"
-2.98,0.276137837438338,"B"
-2.97,0.707429728192883,"B"
-2.96,0.367466079213535,"B"
-2.95,0.981924870784652,"A"
-2.94,4.31024918925782,"A"
-2.93,3.42292474828,"A"
-2.92,0.83368526737125,"B"
-2.91,2.29668088951773,"B"
-2.9,0.955279400608587,"B"
-2.89,4.17236116965242,"A"
-2.88,3.29548153548058,"A"
-2.87,-0.03095608561998,"B"
-2.86,-2.19320086811196,"A"
-2.85,2.29695033468675,"B"
-2.84,5.42114253205474,"A"
-2.83,-1.10458163534048,"A"
-2.82,-0.363216660939701,"A"
-2.81,-0.153529044306633,"B"
-2.8,-0.159542658122688,"A"
-2.79,4.66853747229867,"A"
-2.78,-0.0477645342771231,"B"
-2.77,-0.775071251131298,"B"
-2.76,1.95053450623677,"A"
-2.75,1.54248875085415,"A"
-2.74,1.20804071550105,"A"
-2.73,2.21331039371264,"B"
-2.72,1.54436824101323,"B"
-2.71,1.18489429606962,"A"
-2.7,2.22196563024658,"B"
-2.69,1.95351614375373,"B"
-2.68,-0.353815447885244,"A"
-2.67,0.628202992092071,"B"
-2.66,1.10181876274014,"A"
-2.65,4.17554784917504,"A"
-2.64,-0.891897925407136,"B"
-2.63,-0.509001345199731,"B"
-2.62,2.31467093415981,"A"
-2.61,1.68373229550373,"B"
-2.6,0.538045252457323,"A"
-2.59,3.54571819587917,"A"
-2.58,2.45091869254213,"A"
-2.57,1.720904527456,"B"
-2.56,0.533130906386276,"B"
-2.55,5.82823933211901,"A"
-2.54,-3.84385861187337,"A"
-2.53,2.63850621230349,"A"
-2.52,2.36308698507784,"B"
-2.51,1.94577636057651,"A"
-2.5,1.00450887588918,"B"
-2.49,3.43146210539568,"A"
-2.48,2.5331602015526,"A"
-2.47,2.33075628442894,"A"
-2.46,2.06711346503514,"A"
-2.45,1.1167790498757,"B"
-2.44,2.1945090994993,"B"
-2.43,7.07662880601,"A"
-2.42,1.31117870332388,"B"
-2.41,2.84333109200423,"A"
-2.4,4.1981297918386,"A"
-2.39,3.8194103661926,"A"
-2.38,3.48742652789139,"A"
-2.37,1.14727681490764,"B"
-2.36,-0.569942182595468,"A"
-2.35,-1.04112040055335,"A"
-2.34,0.91133482610716,"A"
-2.33,2.12203943878814,"A"
-2.32,3.2011799266208,"B"
-2.31,0.0781735890202837,"A"
-2.3,0.907849401708867,"B"
-2.29,-0.971886605952863,"B"
-2.28,1.68822060010542,"A"
-2.27,0.161313644492982,"B"
-2.26,3.18789591859219,"A"
-2.25,0.632232968350329,"A"
-2.24,5.45907463173126,"A"
-2.23,-1.30048501178882,"B"
-2.22,3.60998964906263,"A"
-2.21,-0.223480435766934,"A"
-2.2,-0.369418201867793,"B"
-2.19,1.47829648727771,"B"
-2.18,3.39892729513586,"B"
-2.17,7.45762239785053,"A"
-2.16,0.245537471335131,"A"
-2.15,3.60104025905972,"A"
-2.14,-1.04601597366396,"B"
-2.13,-0.579495746754741,"A"
-2.12,5.06273288946588,"A"
-2.11,1.61049960984501,"B"
-2.1,2.72599706426963,"A"
-2.09,1.75776586795461,"A"
-2.08,2.83715431549808,"A"
-2.07,2.7674883538388,"A"
-2.06,0.810245441057436,"A"
-2.05,2.26474556970232,"A"
-2.04,1.8656640649945,"B"
-2.03,-0.765484990619035,"B"
-2.02,1.37590278088581,"B"
-2.01,5.06182198591282,"A"
-2,3.64907579918151,"A"
-1.99,0.945437967950626,"B"
-1.98,4.14600588507349,"A"
-1.97,3.60603767551823,"A"
-1.96,0.572429629867611,"B"
-1.95,-1.27517217189621,"B"
-1.94,-0.866845872144471,"B"
-1.93,1.55011947038147,"B"
-1.92,5.09988401885867,"A"
-1.91,1.01426315853998,"B"
-1.9,-0.232789720436013,"B"
-1.89,2.82230280886451,"A"
-1.88,2.20606202107153,"A"
-1.87,3.44865778164314,"A"
-1.86,3.0349899109348,"A"
-1.85,1.4891815951984,"A"
-1.84,3.91657095652251,"A"
-1.83,1.51502876466272,"B"
-1.82,1.09554740237384,"B"
-1.81,4.29659873397927,"A"
-1.8,2.83623990336523,"A"
-1.79,3.57494949903877,"A"
-1.78,2.80031159896138,"A"
-1.77,-1.03195280760184,"B"
-1.76,3.03563282200246,"A"
-1.75,2.10795599451609,"A"
-1.74,2.25843296092377,"A"
-1.73,3.69231756657801,"A"
-1.72,0.765667165281679,"B"
-1.71,4.67803635054597,"A"
-1.7,-0.350786065346877,"B"
-1.69,2.93098384626505,"A"
-1.68,2.64963817058876,"A"
-1.67,2.86810331937311,"A"
-1.66,7.1960928669164,"A"
-1.65,3.4591310437867,"B"
-1.64,-0.129081589297675,"A"
-1.63,2.68775927565809,"A"
-1.62,-0.200203664094767,"B"
-1.61,2.87990943713228,"A"
-1.6,1.30562918637543,"B"
-1.59,4.36596997903326,"A"
-1.58,1.30671543710239,"B"
-1.57,4.95797510746804,"A"
-1.56,2.26318574902456,"A"
-1.55,1.35943813063432,"A"
-1.54,2.54169064494339,"A"
-1.53,3.94297592983958,"A"
-1.52,6.22124968644881,"A"
-1.51,6.22308934356796,"A"
-1.5,1.95383294969032,"A"
-1.49,3.88669493346638,"A"
-1.48,2.6772075381527,"A"
-1.47,2.61401393550457,"B"
-1.46,3.78100147780891,"A"
-1.45,1.35184798434704,"B"
-1.44,5.21390010922812,"A"
-1.43,4.39892230266418,"A"
-1.42,-1.31053540982669,"A"
-1.41,6.57309411009565,"A"
-1.4,1.92555556549249,"A"
-1.39,1.72587771641925,"A"
-1.38,1.4238908155635,"B"
-1.37,5.6241097183483,"A"
-1.36,-1.08560396278396,"B"
-1.35,-1.4973184838308,"A"
-1.34,3.28381350691128,"B"
-1.33,4.28046097817047,"A"
-1.32,2.67223831013403,"A"
-1.31,6.99431378247693,"A"
-1.3,1.18087817220281,"B"
-1.29,4.50801479150106,"A"
-1.28,0.713025291318397,"A"
-1.27,-1.02940773908814,"B"
-1.26,3.3014251289309,"A"
-1.25,2.14621936701414,"A"
-1.24,0.964060739784349,"B"
-1.23,4.27341138823463,"A"
-1.22,7.01385093379199,"A"
-1.21,6.23899731310925,"A"
-1.2,0.946227804057999,"A"
-1.19,3.05623359320135,"A"
-1.18,-1.33956803062391,"B"
-1.17,1.37155767995754,"A"
-1.16,4.19010805567505,"A"
-1.15,4.88823734135326,"A"
-1.14,3.75170999915623,"A"
-1.13,2.93675476987579,"A"
-1.12,4.34184677250478,"A"
-1.11,1.37152560512547,"B"
-1.1,0.943065644718978,"A"
-1.09,1.2206896420043,"A"
-1.08,0.311810351728323,"A"
-1.07,-1.11827894191083,"A"
-1.06,2.07813973534155,"A"
-1.05,4.64580524500573,"B"
-1.04,-0.0780494415457107,"A"
-1.03,1.64333357032627,"A"
-1.02,0.312993744589307,"B"
-1.01,1.64667584161657,"A"
-1,3.69510063350612,"A"
-0.99,1.99259413967265,"A"
-0.98,2.5355738932326,"A"
-0.970000000000001,5.52609789879143,"A"
-0.959999999999999,4.03310732197787,"A"
-0.949999999999999,3.50645013282466,"A"
-0.94,5.18201504685688,"A"
-0.93,3.69635524208443,"A"
-0.92,5.28224632534279,"A"
-0.91,1.27701173076952,"A"
-0.9,1.26376638604318,"A"
-0.890000000000001,3.30929205481565,"A"
-0.879999999999999,2.93300579893421,"A"
-0.869999999999999,4.29239103715597,"A"
-0.859999999999999,5.58550662690212,"A"
-0.85,-0.119056071653751,"B"
-0.84,1.34011056328103,"A"
-0.83,4.13598505921161,"A"
-0.82,4.30947757213312,"A"
-0.81,1.68247712193678,"A"
-0.799999999999999,2.49559097174859,"A"
-0.789999999999999,2.36900373158528,"A"
-0.779999999999999,1.73548859820933,"A"
-0.77,2.46841721604745,"A"
-0.76,2.73274733489855,"A"
-0.75,4.04795441154977,"A"
-0.74,3.02899622764046,"A"
-0.73,2.52356571467372,"A"
-0.720000000000001,1.63398211157713,"A"
-0.709999999999999,2.96607442388535,"A"
-0.699999999999999,4.70902917541336,"A"
-0.69,3.96213055748006,"A"
-0.68,2.01991450631843,"A"
-0.67,2.16344615597888,"A"
-0.66,0.468438918936033,"B"
-0.65,1.84857176846868,"A"
-0.640000000000001,-0.0269733627622042,"B"
-0.629999999999999,7.3552068973559,"A"
-0.619999999999999,-1.20406223669996,"A"
-0.609999999999999,1.65771353685429,"A"
-0.6,2.47481943482335,"A"
-0.59,5.04406476857304,"A"
-0.58,5.59256932295752,"A"
-0.57,3.55112471993616,"A"
-0.56,4.01820268608487,"A"
-0.549999999999999,5.51066081078734,"A"
-0.539999999999999,0.988556666132729,"A"
-0.529999999999999,0.5676564369433,"A"
-0.52,2.28762133878473,"A"
-0.51,0.636927153816566,"B"
-0.5,4.88541815094632,"A"
-0.49,5.55642508757945,"B"
-0.48,-1.14545363828939,"B"
-0.470000000000001,0.587681008778241,"A"
-0.459999999999999,2.9848390567713,"A"
-0.449999999999999,4.44635191443674,"A"
-0.44,2.55955891361142,"A"
-0.43,4.63868205309801,"A"
-0.42,3.34464880893035,"A"
-0.41,1.99116017027402,"A"
-0.4,5.89179564541017,"A"
-0.390000000000001,2.4225234910745,"A"
-0.379999999999999,0.0991674066472368,"A"
-0.369999999999999,6.28405291321928,"A"
-0.359999999999999,0.19921749800092,"B"
-0.35,0.930659324347622,"A"
-0.34,5.15161317937038,"A"
-0.33,5.57967650987839,"A"
-0.32,3.94738214915688,"A"
-0.31,1.12536268000034,"A"
-0.299999999999999,0.501520532688704,"A"
-0.289999999999999,3.16954792429747,"A"
-0.279999999999999,0.906750157060241,"A"
-0.27,7.00644395940054,"A"
-0.26,5.82209601256366,"A"
-0.25,3.39764762968557,"A"
-0.24,-0.285433162216779,"B"
-0.23,3.19555035319334,"A"
-0.220000000000001,3.46951082457287,"A"
-0.209999999999999,2.79874343117886,"A"
-0.199999999999999,2.97258455142157,"A"
-0.19,2.21028746606705,"A"
-0.18,0.688851039854957,"A"
-0.17,5.36560330312895,"A"
-0.16,2.81218382318071,"A"
-0.15,4.46114242963013,"A"
-0.140000000000001,3.6543880967633,"A"
-0.129999999999999,4.14564709258587,"A"
-0.119999999999999,4.17922462734208,"B"
-0.109999999999999,4.11366979957955,"A"
-0.0999999999999996,4.05683809527664,"A"
-0.0899999999999999,2.3481236136615,"A"
-0.0800000000000001,4.30763995040004,"A"
-0.0700000000000003,2.02908444241455,"A"
-0.0600000000000005,2.34937742869011,"A"
-0.0499999999999989,5.7087146201554,"A"
-0.0399999999999991,-1.68570884215841,"B"
-0.0299999999999994,1.87288406149755,"A"
-0.0199999999999996,0.812935232631663,"A"
-0.00999999999999979,5.91867881122493,"A"
0,2.88962791778058,"A"
0.00999999999999979,4.25333348065289,"A"
0.0199999999999996,0.0874684415730234,"A"
0.0299999999999994,3.47790681644036,"A"
0.0400000000000009,-1.71636108361203,"B"
0.0500000000000007,1.85395846334591,"A"
0.0600000000000005,4.80588949449559,"A"
0.0700000000000003,1.92136558342033,"A"
0.0800000000000001,5.89624463307372,"A"
0.0899999999999999,1.99606044360062,"A"
0.0999999999999996,6.24775078247235,"A"
0.109999999999999,3.06927026222709,"B"
0.120000000000001,5.14733532471448,"A"
0.130000000000001,1.43630772221846,"A"
0.140000000000001,2.7878886623368,"A"
0.15,7.4678091069516,"A"
0.16,0.180262504397009,"A"
0.17,-0.863755987228784,"B"
0.18,5.79579819389736,"A"
0.19,5.72141487973998,"A"
0.200000000000001,3.01837857112007,"A"
0.210000000000001,0.317658772149901,"A"
0.220000000000001,-0.23289404259708,"A"
0.23,0.670394599319613,"A"
0.24,1.39378488046898,"A"
0.25,0.0794106479267467,"A"
0.26,2.02040960988556,"A"
0.27,4.6112819947681,"A"
0.279999999999999,3.98702841888782,"A"
0.290000000000001,3.71267012230253,"A"
0.300000000000001,3.94296535999768,"A"
0.31,0.223465357619979,"A"
0.32,3.70452335229209,"A"
0.33,3.70816313529229,"A"
0.34,3.50543931617036,"A"
0.35,2.40899599985504,"B"
0.359999999999999,3.66915086102778,"A"
0.370000000000001,5.65000399586278,"A"
0.380000000000001,-0.392130285249356,"B"
0.390000000000001,4.38579445184391,"A"
0.4,3.15497330490796,"A"
0.41,2.64085627719081,"A"
0.42,1.97948494482427,"A"
0.43,0.705390711308357,"A"
0.44,2.5650663748472,"A"
0.450000000000001,3.99603589368776,"A"
0.460000000000001,1.72147230686627,"A"
0.470000000000001,1.22154502240068,"A"
0.48,-0.717746538499415,"A"
0.49,5.480128871515,"A"
0.5,4.25653665352858,"A"
0.51,3.37630872858403,"A"
0.52,3.48642558586561,"B"
0.529999999999999,4.96608337813321,"A"
0.540000000000001,4.75883001508919,"A"
0.550000000000001,2.14020108328248,"A"
0.56,2.94617968193188,"A"
0.57,3.35369050848417,"A"
0.58,6.37344567511615,"A"
0.59,3.20162178619851,"A"
0.6,4.07411328422632,"A"
0.609999999999999,6.20946043031732,"A"
0.620000000000001,8.33271914633808,"A"
0.630000000000001,0.709158149991593,"A"
0.640000000000001,5.25959204556617,"A"
0.65,2.67983801170466,"A"
0.66,1.11397913557422,"A"
0.67,4.90937382594943,"A"
0.68,4.41640771448953,"A"
0.69,3.89226892603541,"A"
0.700000000000001,0.0853815928777841,"A"
0.710000000000001,1.24958153542998,"A"
0.720000000000001,2.92432594754448,"A"
0.73,0.728978458658622,"A"
0.74,5.94800458410072,"A"
0.75,6.39373133008021,"A"
0.76,0.624143152761862,"A"
0.77,3.89149717325853,"A"
0.779999999999999,3.23289095954343,"A"
0.790000000000001,1.56539048853346,"A"
0.800000000000001,3.56708481497361,"A"
0.81,1.6599084448847,"B"
0.82,3.64989034369294,"A"
0.83,2.68774460600562,"A"
0.84,0.918895726071431,"A"
0.85,2.38146372744122,"A"
0.859999999999999,0.50167832875708,"A"
0.870000000000001,0.388191354090464,"A"
0.880000000000001,2.24623233435277,"A"
0.890000000000001,4.71187035071304,"A"
0.9,4.53810434114859,"A"
0.91,3.880386884164,"A"
0.92,3.39653063300833,"A"
0.93,4.79354814312211,"A"
0.94,4.27441230266261,"A"
0.950000000000001,-0.317035417160871,"A"
0.960000000000001,5.53510729366046,"A"
0.970000000000001,1.83106568413041,"A"
0.98,5.81237644159993,"A"
0.99,4.21304987923541,"A"
1,0.351580886107437,"A"
1.01,-1.12409985890214,"B"
1.02,3.52933359549177,"A"
1.03,5.93540190118106,"A"
1.04,5.48801136768992,"A"
1.05,1.24703255412601,"A"
1.06,5.38456876128024,"A"
1.07,5.23483001829065,"A"
1.08,3.8691060653146,"A"
1.09,4.26411282672819,"A"
1.1,4.78018473909116,"A"
1.11,4.49596082580179,"A"
1.12,4.74327427638044,"A"
1.13,3.41514446950811,"A"
1.14,3.05784295400107,"A"
1.15,0.367253244100189,"A"
1.16,2.56419037889012,"A"
1.17,0.878816487740811,"A"
1.18,1.1007527650538,"A"
1.19,3.41469041883276,"A"
1.2,-2.15117199565945,"A"
1.21,2.90304442241601,"A"
1.22,2.20107382108398,"A"
1.23,3.48904902705119,"A"
1.24,6.87483429565272,"A"
1.25,4.17755865302537,"A"
1.26,3.09680123291045,"A"
1.27,5.26364600799075,"A"
1.28,0.292565429474954,"A"
1.29,-0.640389739402377,"B"
1.3,0.340396021045223,"A"
1.31,2.45719113957593,"A"
1.32,4.19492998882674,"A"
1.33,2.03535567506647,"A"
1.34,2.97148211349574,"A"
1.35,2.89314124866574,"B"
1.36,-0.180914189711245,"B"
1.37,1.74520325003201,"A"
1.38,2.86150773599707,"A"
1.39,4.44233441379902,"A"
1.4,2.83357151176625,"A"
1.41,1.31141466715127,"A"
1.42,2.35197334012534,"A"
1.43,1.08941227072148,"A"
1.44,0.0656617506702095,"B"
1.45,-1.44119484481334,"A"
1.46,1.25226515459907,"A"
1.47,2.21201353510318,"A"
1.48,3.35624161635153,"A"
1.49,1.87589295383188,"A"
1.5,3.38311124741058,"A"
1.51,1.89994687161123,"A"
1.52,2.9209836462826,"A"
1.53,4.87329085991963,"A"
1.54,1.09896052612057,"A"
1.55,5.72027887534594,"A"
1.56,1.8409569158133,"A"
1.57,-0.263836779731296,"A"
1.58,2.09210328024023,"A"
1.59,2.54473837277462,"B"
1.6,3.42184639913889,"B"
1.61,-3.01168588512013,"B"
1.62,2.72261004170376,"A"
1.63,1.65475925910918,"A"
1.64,2.31861416279652,"A"
1.65,1.03845210705442,"A"
1.66,1.5560486338257,"A"
1.67,1.6627819646629,"A"
1.68,0.461358805104164,"A"
1.69,2.84622841721866,"A"
1.7,1.07768346519752,"A"
1.71,4.68448776812,"A"
1.72,1.54124078858193,"B"
1.73,1.61720675371186,"A"
1.74,5.1644825534451,"A"
1.75,1.69744030578165,"A"
1.76,4.03548083154966,"A"
1.77,1.87489769269599,"A"
1.78,-0.805633658879228,"A"
1.79,3.89675700831408,"A"
1.8,1.94193511251825,"A"
1.81,3.76606472933989,"A"
1.82,0.0042932374620146,"A"
1.83,3.89544409255329,"A"
1.84,3.61177415781716,"A"
1.85,3.46788554647883,"A"
1.86,3.54255665862891,"A"
1.87,2.4004885112056,"A"
1.88,2.53138556836627,"A"
1.89,4.09156891528468,"A"
1.9,2.64774730352938,"A"
1.91,3.90867133007936,"A"
1.92,1.34941393436035,"A"
1.93,5.57581350850919,"A"
1.94,4.38251968233622,"B"
1.95,4.64112122494781,"A"
1.96,1.41819757620756,"A"
1.97,-3.07485229491715,"B"
1.98,0.834357105037426,"A"
1.99,5.00995415530354,"A"
2,0.393138463790814,"A"
2.01,1.80861341877426,"A"
2.02,3.64899595680312,"A"
2.03,2.07204766333616,"A"
2.04,4.2227090130383,"A"
2.05,5.33066919755269,"A"
2.06,1.07031082747414,"A"
2.07,0.66711468777849,"A"
2.08,2.22278895448032,"A"
2.09,1.46902494659531,"A"
2.1,3.58300950103446,"A"
2.11,0.910210539196723,"A"
2.12,0.683491414387666,"A"
2.13,0.0885709004951702,"A"
2.14,3.28679937343282,"A"
2.15,0.534156004542626,"A"
2.16,1.43263075826832,"A"
2.17,0.973111636325809,"A"
2.18,4.48033871364747,"A"
2.19,0.244683456701867,"A"
2.2,5.84873546934581,"A"
2.21,3.97409178636516,"A"
2.22,0.483033055179037,"A"
2.23,2.67398902484185,"A"
2.24,4.31554107939413,"A"
2.25,3.01595246832852,"A"
2.26,0.939111478821175,"A"
2.27,-1.90405164032966,"A"
2.28,-0.0358050145051725,"A"
2.29,-0.999676168866523,"A"
2.3,0.586863588520687,"A"
2.31,5.04445831611158,"A"
2.32,0.225201339616875,"A"
2.33,0.686738968613996,"A"
2.34,2.07812967003461,"A"
2.35,1.24578248715742,"A"
2.36,4.47183036589132,"A"
2.37,2.12031189433277,"A"
2.38,5.07535303234861,"A"
2.39,4.19826694024473,"A"
2.4,0.0152301578475382,"A"
2.41,3.62710767490868,"A"
2.42,3.68893187226048,"B"
2.43,1.60276322091333,"A"
2.44,3.6896402464927,"A"
2.45,0.54080594026981,"A"
2.46,-0.0908041039240455,"A"
2.47,1.59672899943802,"A"
2.48,0.66353117244847,"A"
2.49,1.203369637824,"A"
2.5,0.739519633162164,"A"
2.51,1.5142135805879,"A"
2.52,4.94517186673161,"A"
2.53,2.10971885196014,"A"
2.54,4.15166806198547,"A"
2.55,5.14048107943402,"A"
2.56,4.63312567799839,"A"
2.57,3.77046710878222,"A"
2.58,1.54615293254121,"A"
2.59,5.90267055521488,"A"
2.6,1.45721741795445,"A"
2.61,-0.986495364909171,"A"
2.62,3.17808704085603,"A"
2.63,4.70923681544019,"A"
2.64,0.732231398373866,"A"
2.65,0.49122663669024,"A"
2.66,2.63357703868243,"A"
2.67,3.02653297296109,"A"
2.68,3.40713525139424,"A"
2.69,-1.58677386229547,"A"
2.7,-2.78784628790213,"B"
2.71,-0.851286295819291,"A"
2.72,3.59823343501649,"A"
2.73,1.26255487247831,"A"
2.74,1.43484949537636,"A"
2.75,1.03837806281789,"A"
2.76,1.1824002595298,"A"
2.77,1.64600627968995,"A"
2.78,1.52768518875825,"B"
2.79,0.401359215514883,"A"
2.8,1.06677651279675,"A"
2.81,2.37632154137716,"A"
2.82,0.902212598581078,"A"
2.83,2.29854278464106,"A"
2.84,1.49421654226764,"A"
2.85,-2.56393559561738,"A"
2.86,4.05459129416286,"A"
2.87,2.38155118962944,"A"
2.88,0.539197682106496,"A"
2.89,1.41027592985583,"A"
2.9,1.26945426582563,"A"
2.91,3.3685165936454,"A"
2.92,3.72205727462155,"A"
2.93,2.2028241237035,"A"
2.94,-5.12720243325282,"B"
2.95,-0.14433155062098,"A"
2.96,1.20318284326125,"A"
2.97,3.85322484032885,"A"
2.98,-0.251366218873287,"A"
2.99,4.15600301712027,"A"
3,-1.51353478272173,"A"
3.01,0.479075437295931,"A"
3.02,2.31093885605025,"A"
3.03,0.467733381456203,"A"
3.04,1.03436396400457,"A"
3.05,0.483318523116114,"B"
3.06,-1.02734519066185,"A"
3.07,3.40528515369087,"A"
3.08,0.842442959158246,"A"
3.09,3.25324748734352,"A"
3.1,-0.730099861230546,"A"
3.11,-0.620633059746901,"A"
3.12,-1.70954614204322,"A"
3.13,-1.81947401986293,"A"
3.14,0.351705713233816,"A"
3.15,4.07772209949507,"A"
3.16,4.50031879320273,"A"
3.17,0.0403132452467864,"A"
3.18,3.82576753426748,"A"
3.19,1.59262274617782,"A"
3.2,-2.37360419819717,"A"
3.21,3.85388850789512,"A"
3.22,-1.66009597378099,"A"
3.23,2.67189660169991,"A"
3.24,3.87018888042652,"A"
3.25,1.88520640704228,"A"
3.26,-1.59023068013869,"A"
3.27,3.94236522395694,"A"
3.28,0.00575623586632157,"A"
3.29,0.517094261248109,"A"
3.3,2.41598155573138,"A"
3.31,2.73763791484789,"A"
3.32,-1.11027420471349,"A"
3.33,-2.99197964608273,"A"
3.34,-0.492065346446503,"A"
3.35,2.02356046240103,"A"
3.36,-2.51948393550522,"A"
3.37,-2.85557488970154,"A"
3.38,2.08939002469292,"A"
3.39,-1.35006996051632,"A"
3.4,3.47756211204467,"A"
3.41,-0.579074360073294,"A"
3.42,-0.441433974489989,"A"
3.43,1.5287529068475,"A"
3.44,0.915503612874318,"A"
3.45,-1.27152713960701,"A"
3.46,2.33015110438681,"A"
3.47,0.331627027053384,"A"
3.48,-0.916714122300754,"A"
3.49,3.60192009290593,"A"
3.5,0.323790940404763,"A"
3.51,-2.35102315594718,"A"
3.52,-3.06283599755639,"A"
3.53,-2.25850347994416,"A"
3.54,-2.62660207107827,"A"
3.55,1.3106348455224,"A"
3.56,0.686027935963793,"A"
3.57,1.75531182505239,"A"
3.58,2.55179523941744,"A"
3.59,-0.530178488106256,"A"
3.6,1.54210353990607,"B"
3.61,-1.77678873021908,"A"
3.62,0.72601716236116,"A"
3.63,-0.918103409313274,"A"
3.64,0.98039354060802,"A"
3.65,3.36000869046881,"A"
3.66,-3.38930592670566,"A"
3.67,0.901485612558976,"A"
3.68,-4.27774714689988,"B"
3.69,0.26931877045034,"A"
3.7,1.12852417069789,"A"
3.71,-1.13902082681487,"A"
3.72,0.178200271070057,"A"
3.73,0.24714178382529,"A"
3.74,-3.6310682479182,"A"
3.75,-0.657352024297764,"A"
3.76,2.07264712042035,"A"
3.77,3.70490519986588,"A"
3.78,-1.3117325905925,"A"
3.79,-2.79158860248596,"A"
3.8,-0.378315994296139,"A"
3.81,1.359894763978,"A"
3.82,3.59468409342791,"A"
3.83,-6.36770199235898,"B"
3.84,-1.45250803204854,"A"
3.85,2.671489849706,"A"
3.86,-0.68873072250143,"A"
3.87,3.29676614828767,"B"
3.88,-0.127207086244836,"A"
3.89,0.118916769178957,"A"
3.9,-0.39910991852737,"A"
3.91,0.569276395124811,"A"
3.92,1.2205610597102,"A"
3.93,1.89094321441108,"A"
3.94,2.268240496956,"A"
3.95,-2.87639422084925,"A"
3.96,0.0381696673701118,"A"
3.97,-1.13620173026972,"A"
3.98,2.0618233874193,"A"
3.99,0.352438549667578,"A"
4,-0.970642608748156,"A"
4.01,-0.0711847311332121,"A"
4.02,0.301411884226392,"A"
4.03,1.4210521992549,"A"
4.04,-2.41646664084283,"A"
4.05,-1.63135592172838,"A"
4.06,-0.695348297244224,"B"
4.07,-2.42628840212816,"A"
4.08,3.75612774629223,"A"
4.09,-0.199060932746069,"A"
4.1,-0.926581072819557,"A"
4.11,-1.55012319964318,"A"
4.12,-0.256730174532403,"A"
4.13,4.22756623682849,"A"
4.14,-2.27272235683448,"A"
4.15,-1.58545565918998,"A"
4.16,-2.37325850776847,"A"
4.17,2.16808142848517,"A"
4.18,-2.78583718995762,"A"
4.19,0.205939789122474,"A"
4.2,2.79993063823362,"A"
4.21,-1.72124942557254,"B"
4.22,-2.84679038548248,"A"
4.23,-0.073415812627625,"A"
4.24,-0.45541892427469,"A"
4.25,-0.309751730767644,"A"
4.26,1.00986017806349,"A"
4.27,2.16075732370446,"A"
4.28,-1.28422404110251,"A"
4.29,-1.01889016863111,"A"
4.3,0.990662179903057,"A"
4.31,-2.99360951568688,"A"
4.32,-1.53476910278826,"A"
4.33,-0.791708256813053,"B"
4.34,-2.73531545866525,"A"
4.35,3.92111239290888,"A"
4.36,0.671029858665749,"A"
4.37,-0.0159659303942358,"A"
4.38,-1.8016798036335,"A"
4.39,-2.96619273586917,"A"
4.4,-1.32930793597261,"A"
4.41,-2.8355917791381,"A"
4.42,-0.448487787594943,"A"
4.43,0.554440787110102,"A"
4.44,-5.22837879239875,"A"
4.45,1.09220576064786,"A"
4.46,-1.73980087654724,"A"
4.47,-1.61171097238517,"A"
4.48,-0.0426813716210865,"A"
4.49,-1.88520979858813,"A"
4.5,-0.969801226969931,"A"
4.51,-2.31891990792674,"A"
4.52,-1.5440396053468,"A"
4.53,-1.52201993030079,"A"
4.54,1.65843643241907,"A"
4.55,-1.88539526767815,"A"
4.56,3.17143719923411,"A"
4.57,-1.01012736537984,"A"
4.58,-4.58474673057291,"A"
4.59,0.491412966784757,"A"
4.6,-1.13060517315793,"A"
4.61,-4.03893608922806,"A"
4.62,-2.20270432325826,"A"
4.63,-4.07573403813,"A"
4.64,-0.64871482774101,"A"
4.65,-1.45648298833171,"A"
4.66,-2.20144652939947,"A"
4.67,-1.55760181448254,"A"
4.68,-2.60390676316945,"A"
4.69,0.452603322871873,"A"
4.7,-4.41745939001467,"A"
4.71,-1.34846763267403,"A"
4.72,0.159293159960167,"A"
4.73,-1.70222567985343,"A"
4.74,-0.947917167294241,"A"
4.75,-2.00486982674393,"A"
4.76,0.451740622135298,"A"
4.77,-1.52266566237016,"A"
4.78,-0.447156812941642,"A"
4.79,-2.6463092294985,"A"
4.8,1.46827932940298,"A"
4.81,0.61483024233807,"A"
4.82,-2.13984749029288,"A"
4.83,-5.07110380653161,"B"
4.84,-0.184957661285944,"A"
4.85,-0.515687907789551,"A"
4.86,-1.68448435652839,"A"
4.87,0.809139788397772,"A"
4.88,-5.95680807306021,"B"
4.89,-0.878477847613676,"A"
4.9,-1.12739152106728,"A"
4.91,-1.78718789854903,"A"
4.92,0.869052575674672,"A"
4.93,-1.42163275427367,"A"
4.94,0.811835059893901,"A"
4.95,-1.7191447208082,"A"
4.96,-1.93879615479247,"A"
4.97,-3.61488962224468,"A"
4.98,-3.34683460182914,"A"
4.99,-3.2258626256071,"A"
5,-1.99159798552459,"A"
5.01,2.23890097063028,"A"
5.02,-3.80303354859389,"B"
5.03,-3.40072646569368,"A"
5.04,-1.61554195071061,"A"
5.05,-2.56928135796669,"B"
5.06,-5.10543555011364,"A"
5.07,-1.88899517970691,"A"
5.08,0.96564481757069,"A"
5.09,-4.0953897538846,"A"
5.1,-3.14019486092104,"A"
5.11,-4.00957453025584,"A"
5.12,-0.503160922411713,"A"
5.13,-1.71110120538394,"A"
5.14,-1.24981502786649,"A"
5.15,-0.911515804799974,"A"
5.16,-3.11338547812998,"A"
5.17,0.165766640097752,"A"
5.18,-0.710792219454483,"A"
5.19,0.822763953972076,"A"
5.2,-0.137562490044549,"A"
5.21,-2.93273900633011,"A"
5.22,-2.60900000728321,"A"
5.23,-6.16577980904181,"B"
5.24,1.61660397933594,"A"
5.25,-1.94379449398313,"A"
5.26,-1.61320718465317,"A"
5.27,-3.01035782674841,"A"
5.28,-5.63373446528188,"A"
5.29,-3.27889228569461,"A"
5.3,-5.49267794159132,"B"
5.31,-2.72500275808084,"A"
5.32,-2.41906407876082,"A"
5.33,-1.47001577353556,"A"
5.34,-3.64967629112463,"A"
5.35,-3.16257725403372,"A"
5.36,-4.0599318921207,"A"
5.37,-4.59286693622528,"A"
5.38,-4.16519804658661,"A"
5.39,0.124808167950263,"A"
5.4,-2.31169292509144,"A"
5.41,-5.06589555265582,"A"
5.42,-3.00259491880443,"B"
5.43,-4.36674157531629,"A"
5.44,-5.37088161645373,"A"
5.45,-1.1030262413015,"A"
5.46,-3.96537987241337,"A"
5.47,-3.78898089699874,"A"
5.48,-4.27080505887487,"A"
5.49,-3.10656070851371,"A"
5.5,-5.70631044269623,"A"
5.51,0.928612569504763,"A"
5.52,-1.86963444461948,"A"
5.53,-2.97671767427081,"A"
5.54,-6.06887008400108,"B"
5.55,-3.46540671060439,"A"
5.56,-2.43101989048236,"A"
5.57,-6.97455999904697,"B"
5.58,-0.925584161477742,"A"
5.59,-2.47346655870544,"A"
5.6,-3.56658318892227,"A"
5.61,-5.77759754531229,"A"
5.62,-1.08369114472934,"A"
5.63,-0.295965231069184,"A"
5.64,-1.82111883308365,"A"
5.65,-4.96101534697349,"A"
5.66,-3.75709105624405,"A"
5.67,-0.152340916694581,"B"
5.68,-2.06210300786317,"A"
5.69,-4.40668985160204,"A"
5.7,-6.59916247837415,"B"
5.71,-3.53318438087478,"A"
5.72,-4.80777057433465,"A"
5.73,-5.8892730045892,"A"
5.74,-2.05691550502115,"A"
5.75,-4.79375444809173,"A"
5.76,-3.20445449332413,"A"
5.77,-7.02727157762889,"B"
5.78,-5.27443593334742,"A"
5.79,2.13159399640989,"A"
5.8,-6.20154999280935,"B"
5.81,-1.06323073188582,"A"
5.82,-3.25885524152248,"A"
5.83,-2.28581987978295,"A"
5.84,-6.49733818521612,"A"
5.85,-1.27027711384371,"A"
5.86,-6.22463703863155,"B"
5.87,-2.71192123365158,"A"
5.88,-5.69700210645694,"A"
5.89,-9.15632826733621,"B"
5.9,-6.98127208928005,"B"
5.91,-2.91231689488764,"A"
5.92,-4.1899240314304,"A"
5.93,0.0154985773690095,"A"
5.94,-4.83251932751739,"A"
5.95,-7.90770428043232,"A"
5.96,-2.25778753016374,"A"
5.97,-6.98368791668054,"B"
5.98,-5.24521835234834,"A"
5.99,-3.50935570554514,"A"
6,-2.27528439505598,"A"
6.01,-2.45604739933755,"A"
6.02,-2.57131215651274,"A"
6.03,-2.49751365151428,"A"
6.04,1.20075691177247,"B"
6.05,-3.69579350961852,"A"
6.06,-5.71900285139432,"B"
6.07,-4.07240496817535,"A"
6.08,-4.15376232080465,"A"
6.09,-0.983736933521261,"A"
6.1,-3.92134541394484,"A"
6.11,-1.9587378080527,"A"
6.12,-5.09876518548136,"A"
6.13,-5.69374891395818,"A"
6.14,0.182802551921493,"A"
6.15,-8.58002956674312,"A"
6.16,-1.80651516555282,"A"
6.17,-3.89058802718255,"A"
6.18,-4.43987005969077,"A"
6.19,-3.2986377034418,"A"
6.2,-5.97812076147613,"A"
6.21,-5.07738679995175,"A"
6.22,-5.6779747856684,"A"
6.23,-5.61145533603837,"A"
6.24,-1.22171635213797,"A"
6.25,-2.67506236079657,"A"
6.26,-3.19483711878237,"A"
6.27,-3.99703010211123,"A"
6.28,-3.08412934745361,"A"
6.29,-5.91761487370504,"B"
6.3,-4.20019322469919,"A"
6.31,-7.39254526129059,"B"
6.32,-6.49705228727224,"B"
6.33,-4.97608779551359,"A"
6.34,-5.5945541607189,"A"
6.35,-4.96594058544114,"A"
6.36,-6.19773907275025,"A"
6.37,-5.30506242276691,"A"
6.38,-1.42214258400233,"A"
6.39,-5.05317572681408,"A"
6.4,-5.61859639567772,"A"
6.41,-2.26892615466667,"A"
6.42,-3.91818720773143,"A"
6.43,-3.91408264866157,"A"
6.44,-6.95835778834247,"B"
6.45,-3.0920577163846,"A"
6.46,-5.04125090543683,"A"
6.47,-6.49620520343854,"B"
6.48,-1.98793562606173,"A"
6.49,-9.3766446440763,"B"
6.5,-8.79866432588852,"B"
6.51,-7.39126539866915,"A"
6.52,-5.06237969197808,"A"
6.53,-7.69265513449884,"A"
6.54,-6.604612462322,"A"
6.55,-3.50268543813214,"A"
6.56,-4.38945344551322,"A"
6.57,-5.16827381275878,"A"
6.58,-3.89282424117109,"A"
6.59,-6.21163531322924,"A"
6.6,-2.86834962091176,"A"
6.61,-5.5400647668633,"A"
6.62,-4.39026941875345,"A"
6.63,-4.75771924351222,"A"
6.64,-5.03072942427487,"A"
6.65,-4.15905603541385,"A"
6.66,-3.98266649859521,"A"
6.67,-5.17011545970828,"A"
6.68,-5.74418831373619,"A"
6.69,-7.18014143037524,"A"
6.7,-7.43833264540138,"A"
6.71,-5.87837500213613,"A"
6.72,-6.39980987339749,"A"
6.73,-3.62842507434605,"A"
6.74,-5.67600403005926,"A"
6.75,-4.17932371466249,"A"
6.76,-6.11354932512047,"A"
6.77,-10.3464046817969,"B"
6.78,-5.7070942171895,"A"
6.79,-6.48542879814718,"B"
6.8,-6.96578085662793,"A"
6.81,-9.56761441537695,"A"
6.82,-6.67981530339226,"A"
6.83,-9.94629394131432,"B"
6.84,-5.16214602131849,"A"
6.85,-5.36813224776509,"A"
6.86,-8.07445550101104,"A"
6.87,-2.04592367666866,"A"
6.88,-6.32737781705508,"A"
6.89,-6.45457895153939,"A"
6.9,-9.98078472481872,"B"
6.91,-5.23110418902266,"A"
6.92,-5.90019410697393,"A"
6.93,-7.57979313037569,"B"
6.94,-8.80589784065147,"A"
6.95,-11.6461247245357,"A"
6.96,-9.7692890039452,"B"
6.97,-10.199351980226,"A"
6.98,-5.03639606854945,"A"
6.99,-6.13869879932454,"A"
7,-8.7050062002608,"B"
7.01,-7.33639254013044,"B"
7.02,-4.88974930981261,"A"
7.03,-9.98730892810448,"A"
7.04,-8.56973046651385,"A"
7.05,-4.78733241338564,"A"
7.06,-5.84468132301439,"A"
7.07,-7.10866452430951,"A"
7.08,-4.87170838867685,"A"
7.09,-9.60484693915484,"B"
7.1,-11.0892704221674,"A"
7.11,-6.44682229190963,"A"
7.12,-7.68044103422834,"B"
7.13,-8.61098102691933,"B"
7.14,-8.2560309069623,"B"
7.15,-6.30128905926008,"A"
7.16,-6.19762355051632,"A"
7.17,-7.58344880642087,"B"
7.18,-10.4557851499733,"B"
7.19,-7.29932348302956,"B"
7.2,-7.74098014833316,"A"
7.21,-5.55259080876676,"A"
7.22,-9.02757686878007,"B"
7.23,-5.07253407651739,"A"
7.24,-9.62387134446212,"B"
7.25,-6.70184175586064,"A"
7.26,-6.86117842963764,"B"
7.27,-7.43202729319482,"A"
7.28,-5.56686341663545,"A"
7.29,-8.13449325494936,"B"
7.3,-6.46627400870992,"A"
7.31,-7.31165612063073,"A"
7.32,-6.03439413959436,"A"
7.33,-7.40410091758276,"A"
7.34,-8.57502209123611,"B"
7.35,-8.84443827064578,"A"
7.36,-10.2769934572482,"A"
7.37,-7.05752419918698,"A"
7.38,-7.59504967792359,"B"
7.39,-9.51753520688983,"B"
7.4,-6.59777952977733,"A"
7.41,-8.64911612361414,"A"
7.42,-9.49497857276252,"B"
7.43,-11.8713067221513,"A"
7.44,-10.3807353538809,"B"
7.45,-7.264933288913,"A"
7.46,-7.53249646426851,"B"
7.47,-6.36867260869403,"A"
7.48,-7.22194210549548,"A"
7.49,-8.70561555489718,"B"
7.5,-8.52482894356329,"A"
7.51,-10.8678074502901,"B"
7.52,-7.90197913393326,"B"
7.53,-9.74171056692132,"A"
7.54,-11.0283955615207,"B"
7.55,-10.1753002795135,"B"
7.56,-10.0851570047824,"B"
7.57,-7.9313578680631,"B"
7.58,-9.7724022873224,"A"
7.59,-6.9896857998884,"A"
7.6,-3.74210226127328,"A"
7.61,-6.53421322807502,"A"
7.62,-6.77257282315917,"A"
7.63,-5.01744949621735,"A"
7.64,-3.13917559085009,"A"
7.65,-6.83367062906906,"B"
7.66,-10.037148374915,"A"
7.67,-5.71090432339357,"A"
7.68,-6.60779788627229,"B"
7.69,-9.31733197905281,"B"
7.7,-8.5797940627568,"B"
7.71,-9.68383653615948,"B"
7.72,-8.18077610582037,"B"
7.73,-7.32325436453067,"A"
7.74,-7.9487265522903,"B"
7.75,-8.97862603967453,"A"
7.76,-10.9249411735091,"B"
7.77,-8.75447701270164,"B"
7.78,-7.74678820715369,"A"
7.79,-9.15455345824086,"A"
7.8,-8.25826725631822,"A"
7.81,-12.5807235688226,"B"
7.82,-11.0077013420213,"B"
7.83,-7.95146515621404,"B"
7.84,-9.30705220151068,"A"
7.85,-8.15192345317944,"B"
7.86,-9.48345491687545,"B"
7.87,-13.0166830755376,"B"
7.88,-8.6261922823476,"B"
7.89,-7.57368036063661,"A"
7.9,-10.7430746854174,"A"
7.91,-7.91963361122708,"A"
7.92,-10.7865540753625,"A"
7.93,-7.94820668958409,"B"
7.94,-6.71201680769223,"A"
7.95,-8.45956381842642,"A"
7.96,-9.64147567089369,"B"
7.97,-7.33637376796144,"A"
7.98,-8.68779598689623,"B"
7.99,-15.3789270863261,"A"
8,-13.3403514780691,"B"
8.01,-7.11786545872887,"A"
8.02,-10.501690945443,"A"
8.03,-7.17010101499269,"A"
8.04,-8.44184623070547,"B"
8.05,-12.3389209743122,"A"
8.06,-13.1326252704013,"A"
8.07,-8.74409751334935,"A"
8.08,-9.4780610045698,"A"
8.09,-10.8474210188975,"B"
8.1,-7.61084802088224,"A"
8.11,-7.63483848974486,"A"
8.12,-9.96466955785213,"A"
8.13,-10.7122789039931,"B"
8.14,-13.351093496403,"A"
8.15,-9.70225879559911,"A"
8.16,-9.91415344650751,"A"
8.17,-15.5043860669073,"B"
8.18,-9.03163163490295,"B"
8.19,-10.1659703249534,"B"
8.2,-9.10415373077942,"B"
8.21,-11.6010095699514,"B"
8.22,-8.96901445471691,"B"
8.23,-6.50443871817172,"A"
8.24,-8.15208248200599,"B"
8.25,-10.8594715183046,"B"
8.26,-11.1687157246616,"B"
8.27,-11.1239814644741,"B"
8.28,-10.1334620765603,"A"
8.29,-10.5129270912816,"A"
8.3,-9.38365120061374,"A"
8.31,-9.22200614164903,"B"
8.32,-8.67610258382102,"A"
8.33,-8.98690617870551,"B"
8.34,-10.6537786807179,"B"
8.35,-9.32451686537436,"B"
8.36,-7.7747341364088,"A"
8.37,-12.3561254711516,"B"
8.38,-10.0290647375353,"B"
8.39,-9.84065776131705,"B"
8.4,-10.2817972361566,"B"
8.41,-11.7008655767014,"B"
8.42,-15.8873760214533,"B"
8.43,-10.2169799100511,"A"
8.44,-13.9711607807887,"B"
8.45,-8.97392882353494,"B"
8.46,-9.31553306691867,"B"
8.47,-13.6454084539198,"B"
8.48,-12.2952347698572,"B"
8.49,-11.8365804308162,"B"
8.5,-10.2864107235142,"A"
8.51,-11.9956616728713,"A"
8.52,-9.41262167303321,"A"
8.53,-11.0940544418581,"B"
8.54,-13.5094849407331,"A"
8.55,-9.80330398271718,"A"
8.56,-12.1281100865552,"A"
8.57,-8.64121862054266,"B"
8.58,-11.0158852924962,"B"
8.59,-15.4745615330124,"B"
8.6,-10.2745761608292,"A"
8.61,-12.0050609501761,"B"
8.62,-12.827502684265,"B"
8.63,-12.0167583424507,"B"
8.64,-10.1653281976909,"A"
8.65,-12.7338693503851,"A"
8.66,-14.4429124558643,"B"
8.67,-12.2054543537448,"B"
8.68,-10.6930663653255,"B"
8.69,-13.0584968429003,"A"
8.7,-13.3068578451764,"B"
8.71,-14.835839115069,"A"
8.72,-12.489280396361,"B"
8.73,-14.2754672403379,"A"
8.74,-12.3675719483459,"B"
8.75,-10.4209280535045,"B"
8.76,-10.9540990031771,"B"
8.77,-11.6404556137511,"B"
8.78,-10.9227130535684,"B"
8.79,-13.0314633672661,"B"
8.8,-11.6368502890688,"A"
8.81,-15.0513204744975,"B"
8.82,-10.166889331231,"B"
8.83,-10.3133511594586,"A"
8.84,-14.0531577125254,"A"
8.85,-13.2349567835009,"B"
8.86,-12.7326784180483,"A"
8.87,-14.5498306968342,"B"
8.88,-14.1187894195609,"A"
8.89,-13.5316787658244,"B"
8.9,-10.5014380646798,"B"
8.91,-13.0252222153971,"B"
8.92,-11.8159793778149,"B"
8.93,-11.2940381178628,"B"
8.94,-10.8119449690438,"A"
8.95,-13.2107451847644,"B"
8.96,-17.0783729856036,"A"
8.97,-16.1362542490505,"B"
8.98,-12.2605764987866,"B"
8.99,-10.0779741921916,"B"
9,-12.6499618583944,"B"
9.01,-11.6312572685841,"B"
9.02,-12.9758655758058,"A"
9.03,-12.3309297063047,"B"
9.04,-16.3870547177687,"B"
9.05,-13.1883879353264,"B"
9.06,-12.6008081310767,"B"
9.07,-13.7647231631905,"A"
9.08,-13.0506927854926,"B"
9.09,-13.7890650651078,"A"
9.1,-9.99900850130367,"B"
9.11,-13.3614961468112,"B"
9.12,-13.7852915282638,"B"
9.13,-13.493172965248,"B"
9.14,-15.1397126980642,"B"
9.15,-16.6393023635525,"B"
9.16,-13.9876090244728,"B"
9.17,-13.9726708302125,"A"
9.18,-14.7147244025259,"A"
9.19,-14.7984310325835,"B"
9.2,-13.426235748259,"B"
9.21,-13.6051273181141,"A"
9.22,-15.3828818641971,"A"
9.23,-14.6668457392485,"B"
9.24,-14.436003853685,"A"
9.25,-12.9618397145235,"B"
9.26,-12.9530557162286,"B"
9.27,-15.2940832185164,"B"
9.28,-13.6977280714871,"B"
9.29,-14.1745366115997,"B"
9.3,-12.9776225795102,"A"
9.31,-16.856364483917,"A"
9.32,-17.0712956054936,"B"
9.33,-15.9393851440606,"A"
9.34,-14.4970652876591,"B"
9.35,-16.2626880729648,"B"
9.36,-17.6423583066519,"A"
9.37,-14.9816108720444,"B"
9.38,-13.6172797079813,"B"
9.39,-11.8632156625232,"B"
9.4,-12.6716390027262,"A"
9.41,-12.4931884669818,"B"
9.42,-18.3742724007749,"B"
9.43,-15.2563749252409,"B"
9.44,-12.941071415011,"B"
9.45,-15.2505294411803,"B"
9.46,-13.1885475111036,"A"
9.47,-17.5183317260004,"B"
9.48,-16.1074357857645,"B"
9.49,-16.4945534122341,"B"
9.5,-20.3625451872618,"A"
9.51,-17.0962558658612,"A"
9.52,-13.2955292965797,"A"
9.53,-20.5155262181338,"A"
9.54,-17.9438509184049,"B"
9.55,-15.0426646401584,"A"
9.56,-14.8872184912363,"B"
9.57,-15.5688780936009,"B"
9.58,-19.5202698321212,"A"
9.59,-12.5028336509296,"A"
9.6,-17.9209988800508,"B"
9.61,-17.8166842147024,"B"
9.62,-14.8068907276121,"B"
9.63,-15.9576044807712,"B"
9.64,-16.622039978224,"B"
9.65,-13.3611560995845,"B"
9.66,-18.488004553229,"B"
9.67,-19.0590805730049,"A"
9.68,-14.0556796999097,"B"
9.69,-14.9741789095715,"A"
9.7,-14.8910535013434,"B"
9.71,-17.7019580223526,"B"
9.72,-17.5785724657984,"B"
9.73,-15.8885151347503,"B"
9.74,-15.0525195397146,"B"
9.75,-15.5005285395905,"B"
9.76,-15.6731158881318,"B"
9.77,-16.5970828487806,"B"
9.78,-16.4521951975537,"B"
9.79,-14.761279923982,"A"
9.8,-15.7408225020164,"B"
9.81,-17.7255145178885,"A"
9.82,-15.5762054590152,"B"
9.83,-17.6782537146463,"B"
9.84,-15.6997552167664,"A"
9.85,-17.6852689151152,"B"
9.86,-18.8915503744909,"B"
9.87,-16.8501192101297,"B"
9.88,-18.3893200579058,"B"
9.89,-16.2233991372958,"A"
9.9,-18.4996807354291,"B"
9.91,-18.9286544658821,"B"
9.92,-16.4699348145393,"A"
9.93,-16.9006330545445,"B"
9.94,-15.0370929038105,"B"
9.95,-13.5836975286626,"B"
9.96,-19.0443617840731,"B"
9.97,-15.579116736958,"B"
9.98,-16.4035128461881,"B"
9.99,-20.4321868896819,"B"
10,-17.3996409700909,"A"
